id,first_name,last_name,email,gender,ip_address
1,Jacquelyn,Reinisch,jreinisch0@mysql.com,Female,228.232.12.157
2,Terra,Melmoth,tmelmoth1@sakura.ne.jp,Female,31.129.87.80
3,Shaun,Linny,slinny2@biglobe.ne.jp,Male,14.249.170.208
4,Ardene,Elphinston,aelphinston3@rediff.com,Female,206.197.0.125
5,Merrielle,Pengelley,mpengelley4@google.cn,Female,198.240.206.176
6,Agna,Duffit,aduffit5@deviantart.com,Female,230.168.230.58
7,Paulie,Condit,pcondit6@xinhuanet.com,Male,233.204.158.148
8,Abbe,Ropars,aropars7@harvard.edu,Male,76.28.120.143
9,Dilly,Common,dcommon8@eventbrite.com,Male,13.110.93.187
10,Leicester,Hammerman,lhammerman9@msn.com,Male,182.35.88.223
